label,f2_score
mean,0.3164989606564157
haze,0.08130081300813008
primary,0.9681008902077151
agriculture,0.5361305361305362
clear,0.8985507246376812
water,0.04081632653061224
habitation,0.4700854700854701
road,0.5102040816326531
cultivation,0.04310344827586206
slash_burn,0.0
cloudy,0.6707317073170732
partly_cloudy,0.49479166666666663
conventional_mine,0.0
bare_ground,0.0
artisinal_mine,0.6666666666666666
blooming,0.0
selective_logging,0.0
blow_down,0.0
